Member_No,Name,Surname,Member_Email
1,Ilker,Arslan,ilker.arslan@mail.com
2,John,Heller,john.heller@mail.com
3,Angela,Baker,
4,Sylvia,Mason,sylvia.mason@mail.com
5,Samarth,Patel,samarth.patel@mail.com
6,Prashant,Sharma,
7,Enrico,Cartaxo,enrico@mail.com
8,Alok,Chandran,chandran@mail.com
9,Yigit,Ozdemir,ozdemir@mail.com
10,Markus,Haupter,
11,Emiliano,Baldoni,emiliano@mail.com
12,Patricia,Emmett,emmett@mail.com
13,Blanca,Alvarez,
14,Matthew,Venturo,matt@mail.com
15,Kate,Silva,kate@mail.com
